{
    "insert_artesano": "INSERT INTO artesano (comuna_id, descripcion_artesania, nombre, email, celular) VALUES (%s, %s, %s, %s, %s)",
    "insert_hincha": "INSERT INTO hincha (comuna_id, modo_transporte, nombre, email, celular, comentarios) VALUES (%s, %s, %s, %s, %s, %s)",
    "select_newest_5_artesano": "SELECT id, comuna_id, descripcion_artesania, nombre, email, celular FROM artesano ORDER BY id DESC LIMIT %s, 5",
    "select_newest_5_hincha": "SELECT id, comuna_id, modo_transporte, nombre, email, celular, comentarios FROM hincha ORDER BY id DESC LIMIT %s, 5",
    "insert_artesano_tipo": "INSERT INTO artesano_tipo (artesano_id, tipo_artesania_id) VALUES (%s,%s)",
    "insert_hincha_deporte": "INSERT INTO hincha_deporte (hincha_id, deporte_id) VALUES (%s,%s)",
    "select_types_of_artesano": "SELECT TA.nombre FROM tipo_artesania TA, artesano_tipo AT WHERE AT.tipo_artesania_id=TA.id AND AT.artesano_id=%s",
    "select_deportes_of_hincha": "SELECT D.nombre FROM deporte D, hincha_deporte HD WHERE HD.deporte_id=D.id AND HD.hincha_id=%s",
    "insert_picture": "INSERT INTO foto (ruta_archivo, nombre_archivo, artesano_id) VALUES (%s,%s,%s)",
    "select_pictures_of_artesano": "SELECT ruta_archivo, nombre_archivo FROM foto WHERE artesano_id=%s",
    "select_last_artesano_id": "SELECT LAST_INSERT_ID() FROM artesano",
    "select_last_hincha_id": "SELECT MAX(id) FROM hincha",
    "get_artesano_by_email": "SELECT * FROM artesano WHERE email = %s",
    "get_artesano_by_phone": "SELECT * FROM artesano WHERE celular = %s",
    "get_hincha_by_email": "SELECT * FROM hincha WHERE email = %s",
    "get_hincha_by_phone": "SELECT * FROM hincha WHERE celular = %s",
    "get_region_id": "SELECT id FROM region WHERE nombre = %s",
    "get_region_by_id": "SELECT nombre FROM region WHERE id = %s",
    "get_comuna_id_by_region_id": "SELECT C.id FROM comuna C, region R WHERE C.region_id = R.id AND R.id = %s AND C.nombre = %s",
    "get_tipo_id": "SELECT id FROM tipo_artesania WHERE nombre = %s",
    "get_deporte_id": "SELECT id FROM deporte WHERE nombre = %s",
    "get_comuna_by_id": "SELECT nombre,region_id FROM comuna WHERE id = %s",
    "get_artesano_by_id": "SELECT comuna_id, descripcion_artesania, nombre, email, celular FROM artesano WHERE id = %s",
    "get_hincha_by_id":"SELECT comuna_id, modo_transporte, nombre, email, celular, comentarios FROM hincha WHERE id = %s",
    "count_artesanos": "SELECT COUNT(*) FROM artesano",
    "count_hinchas": "SELECT COUNT(*) FROM hincha",
    "count_artesanos_by_tipo": "SELECT TA.nombre AS artesania_name, COUNT(AT.artesano_id) AS num_artesanos FROM tipo_artesania TA JOIN artesano_tipo AT ON TA.id = AT.tipo_artesania_id GROUP BY TA.nombre",
    "count_hinchas_by_deporte": "SELECT D.nombre AS deporte_name, COUNT(HD.hincha_id) AS num_hinchas FROM deporte D JOIN hincha_deporte HD ON D.id = HD.deporte_id GROUP BY D.nombre"
}